"","WBid","gene_name","transcript_name","type","osc","Amplitude","Phase","delta"
"1","WBGene00000003","aat-2","F07C3.7","Coding_transcript",TRUE,0.86350587374771,123.338664904815,"up"
"2","WBGene00000005","aat-4","T13A10.10","Coding_transcript",TRUE,1.41604457993007,276.301149361287,"up"
"3","WBGene00000009","aat-8","F28F9.4","Coding_transcript",TRUE,1.05815874162787,316.23027852053,"up"
"4","WBGene00000027","abu-4","Y5H2A.3","Coding_transcript",TRUE,1.17209941137216,37.0967140001753,"up"
"5","WBGene00000029","abu-6","C03A7.7","Coding_transcript",TRUE,1.66625339367222,51.446017667314,"down"
"6","WBGene00000039","acn-1","C42D8.5","Coding_transcript",TRUE,2.53641654869688,262.928547236973,"up"
"7","WBGene00000082","adt-1","C02B4.1","Coding_transcript",TRUE,3.23927764814464,0.0767982101103994,"down"
"8","WBGene00000133","amt-1","C05E11.4","Coding_transcript",TRUE,2.06814284611917,137.870528475011,"down"
"9","WBGene00000150","apm-1","F55A12.7","Coding_transcript",FALSE,NA,NA,"up"
"10","WBGene00000246","bcc-1","M7.3","Coding_transcript",TRUE,1.50196585745541,156.207647674969,"up"
"11","WBGene00000255","bli-5","F45G2.5","Coding_transcript",TRUE,1.90874421390918,0.440970774509075,"down"
"12","WBGene00000272","bro-1","F56A3.5","Coding_transcript",TRUE,1.55745629034761,220.003425746531,"up"
"13","WBGene00000399","cdh-7","R05H10.6","Coding_transcript",TRUE,3.32018415174683,202.891304145266,"up"
"14","WBGene00000402","cdh-10","C45G7.5","Coding_transcript",TRUE,2.5587067081536,217.52999917941,"up"
"15","WBGene00000425","ced-11","ZK512.3","Coding_transcript",TRUE,1.82619414760535,16.5331047152618,"down"
"16","WBGene00000557","cnc-3","R09B5.8","Coding_transcript",TRUE,2.67228416052069,259.680798617047,"up"
"17","WBGene00000601","col-12","F15H10.1","Coding_transcript",TRUE,3.41830960064492,57.859976831981,"down"
"18","WBGene00000610","col-33","F36A4.6","Coding_transcript",TRUE,3.52643790287318,354.376072233428,"down"
"19","WBGene00000611","col-34","F36A4.10","Coding_transcript",TRUE,1.59338847272837,357.558197177031,"down"
"20","WBGene00000618","col-41","T10B10.1","Coding_transcript",TRUE,3.51493499645014,334.610556413546,"down"
"21","WBGene00000620","col-43","ZC513.8","Coding_transcript",TRUE,2.84792385906968,296.708725199476,"up"
"22","WBGene00000625","col-48","Y54E10BL.2","Coding_transcript",TRUE,3.32284863277851,3.34177780905787,"down"
"23","WBGene00000637","col-61","C01H6.1","Coding_transcript",TRUE,2.11946730215084,23.1285954690986,"down"
"24","WBGene00000655","col-79","C09G5.3","Coding_transcript",TRUE,1.82685577671454,291.861349850747,"down"
"25","WBGene00000665","col-90","C29E4.1","Coding_transcript",TRUE,3.27389315283036,327.175813086217,"down"
"26","WBGene00000672","col-97","ZK1010.7","Coding_transcript",TRUE,3.50906585775145,14.7417146662685,"down"
"27","WBGene00000683","col-109","Y38C1BA.3","Coding_transcript",TRUE,3.45716122583626,3.40178192232018,"down"
"28","WBGene00000685","col-111","F29B9.9","Coding_transcript",TRUE,3.4805015893624,330.047623902088,"down"
"29","WBGene00000689","col-115","Y42H9B.1","Coding_transcript",TRUE,3.76699077547384,22.1268355344203,"down"
"30","WBGene00000697","col-123","W08D2.6","Coding_transcript",TRUE,1.44087407272195,194.262455603157,"down"
"31","WBGene00000704","col-130","F08G5.4","Coding_transcript",TRUE,3.41561011685832,50.0528240921274,"down"
"32","WBGene00000705","col-131","C39E9.3","Coding_transcript",TRUE,3.3775625094381,320.650867346681,"down"
"33","WBGene00000707","col-133","F52B11.4","Coding_transcript",TRUE,3.15723308043879,52.2721214107793,"down"
"34","WBGene00000719","col-146","T06E4.6","Coding_transcript",TRUE,3.91721598081232,96.7667179944826,"down"
"35","WBGene00000726","col-153","F17C11.3","Coding_transcript",TRUE,2.81851709545444,269.483973322463,"up"
"36","WBGene00000733","col-160","F57B1.4","Coding_transcript",TRUE,3.43524553660705,110.454619582946,"up"
"37","WBGene00000734","col-161","C50B6.4","Coding_transcript",TRUE,3.64014364507613,42.9517147068808,"down"
"38","WBGene00000735","col-162","Y2H9A.3","Coding_transcript",TRUE,3.6322856561894,29.8670589840099,"down"
"39","WBGene00000746","col-173","F41C6.5","Coding_transcript",TRUE,3.45067990722109,326.894568477295,"down"
"40","WBGene00000753","col-180","C44C10.1","Coding_transcript",TRUE,2.08085338167954,54.6287219739789,"down"
"41","WBGene00000776","cpl-1","T03E6.7","Coding_transcript",TRUE,1.63830896995233,294.202974707227,"up"
"42","WBGene00000780","cpn-4","F49D11.8","Coding_transcript",FALSE,NA,NA,"up"
"43","WBGene00000786","cpr-6","C25B8.3","Coding_transcript",TRUE,2.0739971944343,309.176433536295,"up"
"44","WBGene00000788","cpz-1","F32B5.8","Coding_transcript",TRUE,2.36676789282229,309.337680860291,"up"
"45","WBGene00000902","daf-6","F31F6.5","Coding_transcript",TRUE,2.25045427945371,283.591137088639,"down"
"46","WBGene00000905","daf-9","T13C5.1","Coding_transcript",FALSE,NA,NA,"down"
"47","WBGene00000928","dao-2","M03A1.7","Coding_transcript",TRUE,3.49470841726451,235.494382086406,"up"
"48","WBGene00000963","dhp-1","R06C7.3","Coding_transcript",FALSE,NA,NA,"down"
"49","WBGene00000990","dhs-27","C04F6.5","Coding_transcript",TRUE,2.12369130456899,185.433558705712,"up"
"50","WBGene00000992","dhs-29","F27D9.6","Coding_transcript",TRUE,1.35721180152975,213.634135841473,"up"
"51","WBGene00001045","dnj-27","Y47H9C.5","Coding_transcript",TRUE,1.20275354983233,231.79062647591,"up"
"52","WBGene00001063","dpy-1","M01E10.2","Coding_transcript",TRUE,3.43135901085969,354.760282239954,"down"
"53","WBGene00001067","dpy-5","F27C1.8","Coding_transcript",TRUE,3.10985558971264,327.815690190233,"down"
"54","WBGene00001077","dpy-18","Y47D3B.10","Coding_transcript",TRUE,0.678398895014639,264.857933850275,"up"
"55","WBGene00001156","ech-7","Y105E8A.4","Coding_transcript",TRUE,0.551417967199771,219.92045212735,"down"
"56","WBGene00001163","efn-2","C43F9.8","Coding_transcript",FALSE,NA,NA,"up"
"57","WBGene00001170","egl-1","F23B12.9","Coding_transcript",FALSE,NA,NA,"up"
"58","WBGene00001251","elt-3","K02B9.4","Coding_transcript",TRUE,1.1939398020151,156.194822747926,"up"
"59","WBGene00001387","far-3","F15B9.1","Coding_transcript",FALSE,NA,NA,"up"
"60","WBGene00001399","fat-7","F10D2.9","Coding_transcript",TRUE,1.34041485135325,248.902381231801,"up"
"61","WBGene00001428","fkb-3","C05C8.3","Coding_transcript",TRUE,1.47932382546466,294.77545373646,"down"
"62","WBGene00001432","fkb-7","B0511.1","Coding_transcript",TRUE,1.73840781487461,209.100783250318,"up"
"63","WBGene00001477","fmo-2","K08C7.5","Coding_transcript",FALSE,NA,NA,"up"
"64","WBGene00001575","gei-18","Y37A1B.15","Coding_transcript",TRUE,0.667559788592155,274.047985418168,"up"
"65","WBGene00001592","glc-2","F25F8.2","Coding_transcript",TRUE,1.35300392822403,162.945127770361,"up"
"66","WBGene00001608","","R07B1.8","Coding_transcript",TRUE,1.65146346553903,65.4710701634699,"down"
"67","WBGene00001615","glr-4","C06A8.9","Coding_transcript",TRUE,0.59606300620243,96.7548316446534,"down"
"68","WBGene00001690","grd-1","R08B4.1","Coding_transcript",TRUE,3.02565476546329,279.015287069144,"up"
"69","WBGene00001691","grd-2","F46B3.5","Coding_transcript",TRUE,3.55539672200383,305.641267091592,"up"
"70","WBGene00001692","grd-3","W05E7.1","Coding_transcript",TRUE,2.39900654063887,110.712928009692,"up"
"71","WBGene00001694","grd-5","F41E6.2","Coding_transcript",TRUE,2.30506339921496,2.71133575369405,"down"
"72","WBGene00001700","grd-11","K02E2.2","Coding_transcript",TRUE,2.48209875513647,350.768927047067,"down"
"73","WBGene00001703","grd-14","T01B10.2","Coding_transcript",TRUE,3.6773361240337,17.8363506760961,"down"
"74","WBGene00001707","grh-1","Y48G8AR.1","Coding_transcript",TRUE,1.88251995323267,269.188729893744,"up"
"75","WBGene00001714","grl-5","Y47D7A.5","Coding_transcript",TRUE,4.07633109026709,311.94340092297,"down"
"76","WBGene00001716","grl-7","T02E9.2","Coding_transcript",TRUE,3.93894590959459,303.169186924963,"down"
"77","WBGene00001719","grl-10","C26F1.5","Coding_transcript",TRUE,2.72189991941396,276.456064583445,"up"
"78","WBGene00001753","gst-5","R03D7.6","Coding_transcript",FALSE,NA,NA,"up"
"79","WBGene00001755","gst-7","F11G11.2","Coding_transcript",FALSE,NA,NA,"up"
"80","WBGene00001820","ham-1","F53B2.6","Coding_transcript",TRUE,1.23736290038817,108.988883333384,"up"
"81","WBGene00001984","hog-1","W06B11.4","Coding_transcript",TRUE,1.46181624405607,322.227378135641,"down"
"82","WBGene00002039","hum-6","T10H10.1","Coding_transcript",TRUE,0.991244017350137,235.850825409513,"up"
"83","WBGene00002051","ifa-3","F52E10.5","Coding_transcript",TRUE,1.5902601960491,260.904075012312,"up"
"84","WBGene00002096","ins-13","C17C3.18","Coding_transcript",TRUE,2.10329483002849,130.386240689867,"down"
"85","WBGene00002116","ins-33","W09C5.4","Coding_transcript",TRUE,0.66040280302761,194.905969251277,"up"
"86","WBGene00002181","kal-1","K03D10.1","Coding_transcript",FALSE,NA,NA,"up"
"87","WBGene00002199","kin-15","M176.6","Coding_transcript",TRUE,2.51572910743701,105.962215964772,"down"
"88","WBGene00002200","kin-16","M176.7","Coding_transcript",TRUE,2.13211540195167,131.415845965795,"up"
"89","WBGene00002203","kin-20","F46F2.2","Coding_transcript",TRUE,0.877474663712228,4.82500317367041,"down"
"90","WBGene00002248","lam-3","T22A3.8","Coding_transcript",TRUE,1.16574773612685,195.481305206772,"up"
"91","WBGene00002252","lat-2","B0286.2","Coding_transcript",TRUE,0.987044632629455,12.6247213730358,"down"
"92","WBGene00002827","let-653","C29E6.1","Coding_transcript",TRUE,2.62337383780706,184.185114930117,"up"
"93","WBGene00003055","lon-1","F48E8.1","Coding_transcript",TRUE,0.65470305659443,251.865559931422,"up"
"94","WBGene00003057","lon-3","ZK836.1","Coding_transcript",TRUE,3.7176472595466,284.338619811314,"up"
"95","WBGene00003089","ltd-1","K02C4.4","Coding_transcript",TRUE,0.99904781298943,331.829610454364,"down"
"96","WBGene00003107","mab-10","R166.1","Coding_transcript",TRUE,1.84344496587753,215.921146933538,"up"
"97","WBGene00003144","max-2","Y38F1A.10","Coding_transcript",TRUE,0.777698674873858,19.7430443948574,"down"
"98","WBGene00003482","mua-3","K08E5.3","Coding_transcript",TRUE,1.84262997793513,216.55205631386,"up"
"99","WBGene00003485","mua-6","W10G6.3","Coding_transcript",TRUE,1.31094564038803,231.184114025521,"up"
"100","WBGene00003497","mup-4","K07D8.1","Coding_transcript",TRUE,2.44383512792009,18.4224325439934,"down"
"101","WBGene00003542","nas-23","R10H1.5","Coding_transcript",TRUE,3.77669435450655,14.774786576208,"down"
"102","WBGene00003547","nas-29","F58A6.4","Coding_transcript",TRUE,2.40671171987197,339.107064729352,"down"
"103","WBGene00003548","nas-30","Y95B8A.1","Coding_transcript",TRUE,3.48092712439381,38.7234737119428,"down"
"104","WBGene00003553","nas-37","C17G1.6","Coding_transcript",TRUE,2.8997437612655,256.095771181501,"up"
"105","WBGene00003554","nas-38","F57C12.1","Coding_transcript",TRUE,2.6103803907628,35.7145718480281,"down"
"106","WBGene00003566","ncx-1","Y113G7A.4","Coding_transcript",TRUE,0.9437043206983,177.564783793725,"up"
"107","WBGene00003568","ncx-3","ZC168.1","Coding_transcript",TRUE,0.859246253440759,147.117685161294,"up"
"108","WBGene00003622","nhr-23","C01H6.5","Coding_transcript",TRUE,2.10545064248724,178.112919265405,"up"
"109","WBGene00003664","nhr-74","C27C7.3","Coding_transcript",TRUE,1.80589818736118,222.018146473469,"up"
"110","WBGene00003703","nhr-113","ZK1025.9","Coding_transcript",TRUE,1.92895817800482,236.882700475202,"up"
"111","WBGene00003762","nlp-24","F35B12.7","Coding_transcript",TRUE,1.81561894725739,100.172622154129,"down"
"112","WBGene00003763","nlp-25","Y43F8C.1","Coding_transcript",TRUE,2.14761727381856,57.693728442901,"down"
"113","WBGene00003764","nlp-26","Y43F8C.2","Coding_transcript",TRUE,2.76501825632662,137.840708127268,"down"
"114","WBGene00003816","asns-1","F25G6.6","Coding_transcript",TRUE,2.32335791738331,25.771089864636,"down"
"115","WBGene00003887","osm-7","T05D4.4","Coding_transcript",TRUE,2.09141513452709,10.2752862159877,"down"
"116","WBGene00003915","pan-1","M88.6","Coding_transcript",TRUE,1.00238014407529,180.421222413596,"up"
"117","WBGene00003954","pcm-1","C10F3.5","Coding_transcript",FALSE,NA,NA,"up"
"118","WBGene00003968","peb-1","T14F9.4","Coding_transcript",TRUE,2.70284797303485,193.570362413341,"up"
"119","WBGene00003996","pgp-2","C34G6.4","Coding_transcript",TRUE,0.900786725588121,294.13559513911,"up"
"120","WBGene00004003","pgp-9","C47A10.1","Coding_transcript",TRUE,1.37026918108732,102.820925129181,"down"
"121","WBGene00004006","pgp-12","F22E10.1","Coding_transcript",TRUE,0.625155352254625,154.13796727511,"up"
"122","WBGene00004091","pps-1","T14G10.1","Coding_transcript",TRUE,1.43011017746972,314.75564123276,"down"
"123","WBGene00004120","pqn-32","F29C12.1","Coding_transcript",TRUE,3.54102794933884,302.891265374116,"down"
"124","WBGene00004127","pqn-40","F52D1.3","Coding_transcript",TRUE,3.88340682382274,337.266813046758,"down"
"125","WBGene00004133","pqn-46","F57B9.9","Coding_transcript",TRUE,3.40124412241206,299.903257810231,"down"
"126","WBGene00004134","pqn-47","F59B10.1","Coding_transcript",TRUE,1.23279590154409,190.554717884192,"up"
"127","WBGene00004140","pqn-55","R09E10.7","Coding_transcript",TRUE,0.970123789396721,206.86832952033,"up"
"128","WBGene00004153","pqn-71","T23F1.6","Coding_transcript",TRUE,3.50973881798229,79.2360746286418,"down"
"129","WBGene00004172","pqn-92","Y75B8A.27","Coding_transcript",TRUE,0.779354242729821,161.348887277583,"up"
"130","WBGene00004183","prk-2","F45H7.4","Coding_transcript",TRUE,1.20414884502397,34.0012518368882,"down"
"131","WBGene00004210","ptc-3","Y110A2AL.8","Coding_transcript",TRUE,2.00655828789299,286.626989135479,"down"
"132","WBGene00004216","ptr-1","C24B5.3","Coding_transcript",TRUE,1.62168605771005,316.623022481321,"down"
"133","WBGene00004217","ptr-2","C32E8.8","Coding_transcript",TRUE,1.8694731574295,327.284489751374,"down"
"134","WBGene00004218","ptr-3","C41D7.2","Coding_transcript",TRUE,1.9593711342041,41.8802292447886,"down"
"135","WBGene00004219","ptr-4","C45B2.7","Coding_transcript",TRUE,2.57899415043708,250.373087794019,"up"
"136","WBGene00004222","ptr-8","F44F4.4","Coding_transcript",TRUE,2.64913935800599,124.75533263951,"up"
"137","WBGene00004224","ptr-10","F55F8.1","Coding_transcript",TRUE,3.1934735666765,214.503600147806,"up"
"138","WBGene00004229","ptr-15","T07H8.6","Coding_transcript",TRUE,2.46300744062491,253.566084339052,"up"
"139","WBGene00004232","ptr-18","Y38F1A.3","Coding_transcript",TRUE,3.13580486370474,311.96712805491,"down"
"140","WBGene00004234","ptr-20","Y53F4B.28","Coding_transcript",TRUE,2.46255121122006,2.75293971659268,"down"
"141","WBGene00004236","ptr-22","Y80D3A.7","Coding_transcript",TRUE,0.975842004383292,226.615167628057,"up"
"142","WBGene00004256","pxn-1","ZK994.3","Coding_transcript",TRUE,0.93322537130654,116.013963517384,"up"
"143","WBGene00004257","pxn-2","K09C8.5","Coding_transcript",TRUE,1.49646286287708,143.978487783232,"up"
"144","WBGene00004321","rcn-1","F54E7.7","Coding_transcript",FALSE,NA,NA,"down"
"145","WBGene00004395","rol-3","C16D9.2","Coding_transcript",TRUE,1.2292842171398,223.773707701001,"up"
"146","WBGene00004397","rol-6","T01B7.7","Coding_transcript",TRUE,3.31262607992558,308.73185863253,"down"
"147","WBGene00004860","sma-6","C32D5.2","Coding_transcript",FALSE,NA,NA,"up"
"148","WBGene00004998","spp-13","F08F1.6","Coding_transcript",TRUE,3.46339229416202,293.191341685743,"down"
"149","WBGene00005004","spp-19","K04A8.9","Coding_transcript",TRUE,0.635825940533053,109.616063361626,"down"
"150","WBGene00006059","stc-1","F54C9.2","Coding_transcript",FALSE,NA,NA,"up"
"151","WBGene00006228","str-185","R08C7.7","Coding_transcript",FALSE,NA,NA,"down"
"152","WBGene00006366","sym-1","C44H4.3","Coding_transcript",TRUE,3.27330248329264,204.904458723514,"up"
"153","WBGene00006418","tag-38","B0222.4","Coding_transcript",TRUE,0.563047208576717,336.119663201781,"up"
"154","WBGene00006533","tba-7","T28D6.2","Coding_transcript",TRUE,1.39024452460823,136.160045414125,"down"
"155","WBGene00006534","tba-8","ZK899.4","Coding_transcript",TRUE,2.77155075213818,209.539948640463,"up"
"156","WBGene00006539","tbb-6","T04H1.9","Coding_transcript",FALSE,NA,NA,"up"
"157","WBGene00006598","tor-2","Y37A1B.13","Coding_transcript",FALSE,NA,NA,"up"
"158","WBGene00006611","tre-5","C23H3.7","Coding_transcript",TRUE,1.56921565257095,23.9938180707392,"down"
"159","WBGene00006656","twk-1","F21C3.1","Coding_transcript",TRUE,0.984484513475521,134.487728401916,"up"
"160","WBGene00006769","unc-33","Y37E11C.1","Coding_transcript",FALSE,NA,NA,"up"
"161","WBGene00006916","vha-7","C26H9A.1","Coding_transcript",TRUE,0.800785490410486,202.247974439986,"up"
"162","WBGene00006954","wrt-8","C29F3.2","Coding_transcript",TRUE,3.22505322468873,351.331540919265,"down"
"163","WBGene00006980","zig-3","C14F5.2","Coding_transcript",TRUE,1.01857173342869,3.24428271959107,"up"
"164","WBGene00006981","zig-4","C09C7.1","Coding_transcript",FALSE,NA,NA,"up"
"165","WBGene00007071","","AC3.5","Coding_transcript",TRUE,0.914603426943511,178.761998634026,"up"
"166","WBGene00007140","cyp-29A4","B0331.1","Coding_transcript",FALSE,NA,NA,"up"
"167","WBGene00007142","ttr-18","B0334.1","Coding_transcript",TRUE,1.40161100526392,158.899391320044,"down"
"168","WBGene00007150","","B0365.1","Coding_transcript",TRUE,1.26957158615607,224.680743086482,"up"
"169","WBGene00007152","clec-225","B0365.5","Coding_transcript",TRUE,2.42906122929309,237.906449845369,"up"
"170","WBGene00007177","oac-1","B0399.2","Coding_transcript",TRUE,3.01407416709301,328.950923710254,"down"
"171","WBGene00007242","","C01G12.1","Coding_transcript",TRUE,0.630975030283043,239.451374437802,"down"
"172","WBGene00007246","nspb-10","C01G12.6","Coding_transcript",TRUE,1.06902728466003,70.1938167650903,"down"
"173","WBGene00007250","nspb-8","C01G12.10","Coding_transcript",TRUE,2.87565907518894,72.9153615749546,"down"
"174","WBGene00007251","nspb-9","C01G12.11","Coding_transcript",TRUE,2.31098989737431,60.0994107293897,"down"
"175","WBGene00007262","jud-4","C02D4.1","Coding_transcript",TRUE,3.40701123421512,40.9329090570479,"down"
"176","WBGene00007275","","C03D6.1","Coding_transcript",TRUE,0.818142097826798,192.609848051649,"up"
"177","WBGene00007324","","C05B5.8","Coding_transcript",TRUE,1.18396824504995,17.2606960959976,"down"
"178","WBGene00007339","","C05D12.1","Coding_transcript",TRUE,1.02024118493126,291.107515909199,"down"
"179","WBGene00007343","","C05E7.1","Coding_transcript",TRUE,2.41045288396953,346.440139201593,"down"
"180","WBGene00007344","","C05E7.2","Coding_transcript",TRUE,3.62170493085027,47.4317807682829,"down"
"181","WBGene00007368","","C06B8.2","Coding_transcript",TRUE,0.915558181993435,352.653775003176,"up"
"182","WBGene00007395","","C06H5.7","Coding_transcript",TRUE,0.676908168278944,35.5991684472716,"down"
"183","WBGene00007397","","C07A4.2","Coding_transcript",TRUE,2.24341342597349,337.126688308206,"down"
"184","WBGene00007414","","C07E3.3","Coding_transcript",TRUE,0.733498181920721,17.1545597318151,"up"
"185","WBGene00007419","","C07E3.9","Coding_transcript",FALSE,NA,NA,"up"
"186","WBGene00007430","","C08B6.10","Coding_transcript",TRUE,1.03650740462415,93.5791285481216,"up"
"187","WBGene00007479","","C09F9.2","Coding_transcript",TRUE,2.899164950885,204.646698955918,"up"
"188","WBGene00007509","","C10C5.5","Coding_transcript",FALSE,NA,NA,"up"
"189","WBGene00007516","","C11E4.1","Coding_transcript",TRUE,1.94188017114676,93.398857953196,"down"
"190","WBGene00007530","","C11H1.5","Coding_transcript",TRUE,3.17441594508477,255.510695329348,"up"
"191","WBGene00007598","","C15A11.4","Coding_transcript",TRUE,1.00580256163973,3.91549266643103,"down"
"192","WBGene00007633","","C16D2.1","Coding_transcript",FALSE,NA,NA,"down"
"193","WBGene00007707","","C25A1.5","Coding_transcript",TRUE,0.62135342998133,314.066592729339,"down"
"194","WBGene00007754","","C27A7.2","Coding_transcript",TRUE,2.4152560072528,277.038132495465,"down"
"195","WBGene00007804","","C29F3.3","Coding_transcript",TRUE,3.32365622157414,89.2143002287239,"down"
"196","WBGene00007806","clec-230","C29F3.5","Coding_transcript",TRUE,3.18328551301394,359.017841241821,"down"
"197","WBGene00007807","","C29F3.7","Coding_transcript",TRUE,0.99139691140606,102.404300279835,"down"
"198","WBGene00007812","","C29F7.3","Coding_transcript",FALSE,NA,NA,"down"
"199","WBGene00007817","","C30F2.3","Coding_transcript",TRUE,3.28284871238399,115.445873703808,"down"
"200","WBGene00007836","","C31C9.2","Coding_transcript",TRUE,1.64633892896774,320.515445459205,"down"
"201","WBGene00007890","","C33A12.19","Coding_transcript",TRUE,1.8868864502293,123.461059015437,"up"
"202","WBGene00007894","","C33D3.3","Coding_transcript",TRUE,1.48408486893549,202.633166919053,"up"
"203","WBGene00007925","","C34C12.6","Coding_transcript",TRUE,1.92343736196236,238.267469062857,"up"
"204","WBGene00007947","","C35A5.3","Coding_transcript",FALSE,NA,NA,"down"
"205","WBGene00007988","","C37A5.1","Coding_transcript",FALSE,NA,NA,"up"
"206","WBGene00007996","","C38C6.3","Coding_transcript",TRUE,3.37994493888549,304.241541077078,"down"
"207","WBGene00008076","lgc-43","C43F9.9","Coding_transcript",TRUE,0.569891747142585,16.277123083289,"down"
"208","WBGene00008078","","C44B9.1","Coding_transcript",FALSE,NA,NA,"up"
"209","WBGene00008084","","C44C10.3","Coding_transcript",TRUE,1.56490276180118,157.451621262277,"up"
"210","WBGene00008146","","C47E8.9","Coding_transcript",TRUE,1.04390061534304,341.965883121818,"up"
"211","WBGene00008150","","C47E12.6","Coding_transcript",TRUE,3.65072708730914,329.081052121969,"down"
"212","WBGene00008176","","C48B4.13","Coding_transcript",TRUE,2.20121589086103,23.1445390901182,"down"
"213","WBGene00008205","sams-1","C49F5.1","Coding_transcript",TRUE,0.735832908994315,227.863177242101,"up"
"214","WBGene00008211","","C49F5.7","Coding_transcript",TRUE,2.6690874229985,137.979652011827,"up"
"215","WBGene00008215","","C49F8.3","Coding_transcript",TRUE,1.7368119185465,345.603203777635,"down"
"216","WBGene00008245","fipr-10","C50H2.12","Coding_transcript",TRUE,2.48912242412358,107.225002813988,"down"
"217","WBGene00008252","","C51E3.6","Coding_transcript",FALSE,NA,NA,"up"
"218","WBGene00008260","","C52G5.2","Coding_transcript",TRUE,1.72215207452231,311.342374098774,"down"
"219","WBGene00008284","","C53D6.7","Coding_transcript",TRUE,1.91002574576585,93.3240874218325,"down"
"220","WBGene00008290","","C54C8.2","Coding_transcript",TRUE,3.0922076646621,316.516628014386,"down"
"221","WBGene00008296","cdr-2","C54D10.1","Coding_transcript",TRUE,1.13085801270639,69.0858310280188,"up"
"222","WBGene00008331","ttll-5","C55A6.2","Coding_transcript",FALSE,NA,NA,"up"
"223","WBGene00008425","","D2045.8","Coding_transcript",TRUE,0.870125109197503,319.145978539056,"up"
"224","WBGene00008496","","F01D5.6","Coding_transcript",TRUE,2.89436906391581,304.81677578477,"down"
"225","WBGene00008511","","F01G10.9","Coding_transcript",TRUE,2.56853550559407,233.944863360243,"up"
"226","WBGene00008519","cyp-13B1","F02C12.5","Coding_transcript",TRUE,1.57174911043285,193.108359396362,"up"
"227","WBGene00008521","","F02D8.4","Coding_transcript",TRUE,2.22945428898225,87.0120700802389,"down"
"228","WBGene00008546","","F07A11.2","Coding_transcript",TRUE,0.628684995436202,232.776982113493,"up"
"229","WBGene00008577","","F08G2.5","Coding_transcript",TRUE,0.561258572244924,189.333334219993,"down"
"230","WBGene00008655","lips-3","F10F2.3","Coding_transcript",TRUE,3.96826565533072,340.731969602654,"down"
"231","WBGene00008732","","F13B12.4","Coding_transcript",TRUE,2.65675768298815,351.976446912835,"down"
"232","WBGene00008739","","F13D12.3","Coding_transcript",TRUE,1.24476860039215,131.721432423532,"down"
"233","WBGene00008743","","F13D12.9","Coding_transcript",TRUE,2.65684168769953,233.816335227391,"up"
"234","WBGene00008762","ztf-2","F13G3.1","Coding_transcript",TRUE,2.26143409755684,176.086111948134,"up"
"235","WBGene00008851","","F15B9.8","Coding_transcript",TRUE,3.50299122942459,305.940884264847,"down"
"236","WBGene00008858","","F15D3.8","Coding_transcript",TRUE,1.48373362678609,207.114436757788,"up"
"237","WBGene00008922","","F17C11.11","Coding_transcript",TRUE,1.4541377425342,97.9061078919581,"up"
"238","WBGene00008929","","F18A11.2","Coding_transcript",TRUE,1.49137686187273,282.90589759186,"up"
"239","WBGene00008944","","F19B2.5","Coding_transcript",TRUE,0.686851519328079,87.2255396700372,"down"
"240","WBGene00008964","mltn-9","F19H8.4","Coding_transcript",TRUE,3.35163416542804,239.040988171124,"up"
"241","WBGene00008987","","F20G2.3","Coding_transcript",TRUE,2.20661234260942,250.449104468397,"up"
"242","WBGene00009133","bed-3","F25H8.6","Coding_transcript",TRUE,2.16833870520732,313.959859494942,"down"
"243","WBGene00009157","","F26E4.2","Coding_transcript",TRUE,0.518431849221121,181.792806474841,"up"
"244","WBGene00009205","","F28C6.5","Coding_transcript",TRUE,2.17581808613173,303.930402942255,"down"
"245","WBGene00009218","acs-20","F28D1.9","Coding_transcript",TRUE,2.46093259502541,312.065328743675,"down"
"246","WBGene00009226","cyp-37B1","F28G4.1","Coding_transcript",TRUE,1.30418558763585,18.0729137427404,"up"
"247","WBGene00009241","","F28H7.8","Coding_transcript",TRUE,1.8792710795237,61.288764681518,"down"
"248","WBGene00009306","","F32A7.5","Coding_transcript",FALSE,NA,NA,"up"
"249","WBGene00009328","","F32D8.3","Coding_transcript",TRUE,2.22301477873132,319.309423190885,"down"
"250","WBGene00009331","","F32D8.7","Coding_transcript",TRUE,1.91152062243708,356.527867866704,"down"
"251","WBGene00009355","","F33A8.7","Coding_transcript",TRUE,3.17558684696714,332.230247215753,"down"
"252","WBGene00009356","","F33A8.10","Coding_transcript",TRUE,2.76613706797539,340.989119069579,"down"
"253","WBGene00009371","","F33H2.8","Coding_transcript",TRUE,2.26990655923316,231.965378410055,"up"
"254","WBGene00009398","nspb-11","F35C5.10","Coding_transcript",TRUE,3.59201708228326,74.5642813044627,"down"
"255","WBGene00009431","dct-17","F35E12.7","Coding_transcript",FALSE,NA,NA,"down"
"256","WBGene00009488","oac-20","F36G9.12","Coding_transcript",TRUE,1.38723433019243,112.62034774345,"down"
"257","WBGene00009528","","F38A6.4","Coding_transcript",TRUE,1.62365564070509,344.434238498625,"down"
"258","WBGene00009561","","F39D8.3","Coding_transcript",TRUE,2.87197927828281,343.421836439892,"down"
"259","WBGene00009620","fip-5","F41E7.4","Coding_transcript",TRUE,1.32531902906746,122.312266962936,"down"
"260","WBGene00009706","","F44G3.2","Coding_transcript",TRUE,0.61682404842931,107.966488325455,"down"
"261","WBGene00009723","","F45D3.3","Coding_transcript",TRUE,0.611721095761901,219.507411050095,"up"
"262","WBGene00009724","","F45D3.4","Coding_transcript",FALSE,NA,NA,"up"
"263","WBGene00009791","","F46F3.3","Coding_transcript",TRUE,2.08956741066762,292.608103707512,"down"
"264","WBGene00009806","","F47B8.5","Coding_transcript",TRUE,2.54675083365692,308.988599669487,"down"
"265","WBGene00009807","pepm-1","F47B8.6","Coding_transcript",TRUE,1.00759471607702,112.490131492226,"down"
"266","WBGene00009809","","F47B8.8","Coding_transcript",TRUE,0.816874551494638,79.1410661240328,"down"
"267","WBGene00009835","","F47H4.2","Coding_transcript",TRUE,0.791339900970416,311.768425408663,"up"
"268","WBGene00009899","","F49E12.6","Coding_transcript",TRUE,1.03638695556432,306.393635806225,"up"
"269","WBGene00009903","","F49E12.10","Coding_transcript",TRUE,1.20634385139039,32.0279123783801,"up"
"270","WBGene00009904","","F49E12.12","Coding_transcript",TRUE,2.96334245030284,341.008940574192,"down"
"271","WBGene00009926","noah-2","F52B11.3","Coding_transcript",TRUE,3.31283165724887,225.929569432255,"up"
"272","WBGene00009947","","F52H3.5","Coding_transcript",TRUE,0.648439879238603,130.15861453462,"up"
"273","WBGene00009963","fipr-26","F53B6.8","Coding_transcript",TRUE,1.21647830086908,101.765857609846,"down"
"274","WBGene00009978","","F53E4.1","Coding_transcript",TRUE,2.22263663988332,60.6912333984849,"down"
"275","WBGene00009997","","F53F4.15","Coding_transcript",TRUE,1.49401428466496,287.680483074425,"down"
"276","WBGene00010033","","F54B11.10","Coding_transcript",TRUE,2.01278532268066,215.353974292313,"up"
"277","WBGene00010040","","F54C8.7","Coding_transcript",TRUE,0.64454878884589,293.546769781845,"up"
"278","WBGene00010045","","F54C9.11","Coding_transcript",TRUE,0.646888072998883,328.262858803895,"down"
"279","WBGene00010092","","F55C5.2","Coding_transcript",FALSE,NA,NA,"up"
"280","WBGene00010163","","F56H6.2","Coding_transcript",FALSE,NA,NA,"up"
"281","WBGene00010183","fipr-13","F57A8.8","Coding_transcript",TRUE,0.874403488564503,99.627066119491,"down"
"282","WBGene00010267","lips-9","F58G1.5","Coding_transcript",TRUE,3.79791375903621,322.955890794212,"down"
"283","WBGene00010289","","F58H1.6","Coding_transcript",TRUE,1.88057843332505,1.6406198451332,"down"
"284","WBGene00010291","","F58H10.1","Coding_transcript",TRUE,2.23576867208789,274.110584801393,"down"
"285","WBGene00010355","clec-229","H02K04.1","Coding_transcript",TRUE,1.89120981813293,359.340218929839,"down"
"286","WBGene00010368","","H06A10.1","Coding_transcript",TRUE,2.66046899303007,104.436085320372,"down"
"287","WBGene00010370","ctg-1","H06O01.3","Coding_transcript",TRUE,1.53187091498922,186.947979042037,"up"
"288","WBGene00010396","","H13N06.2","Coding_transcript",TRUE,1.38770722657402,322.268408979213,"up"
"289","WBGene00010403","otpl-8","H19J13.1","Coding_transcript",FALSE,NA,NA,"down"
"290","WBGene00010453","fozi-1","K01B6.1","Coding_transcript",FALSE,NA,NA,"up"
"291","WBGene00010468","","K01D12.9","Coding_transcript",TRUE,4.24933019907038,11.4718113777802,"down"
"292","WBGene00010470","cdr-4","K01D12.11","Coding_transcript",TRUE,1.070574785219,116.977007215211,"up"
"293","WBGene00010491","","K02B7.3","Coding_transcript",TRUE,1.14651010145091,2.04716733351703,"down"
"294","WBGene00010505","","K02D3.2","Coding_transcript",TRUE,1.9310687572138,327.444469827915,"down"
"295","WBGene00010509","","K02E2.8","Coding_transcript",TRUE,3.46947759966762,5.3277805646999,"down"
"296","WBGene00010558","","K04D7.4","Coding_transcript",FALSE,NA,NA,"up"
"297","WBGene00010595","haao-1","K06A4.5","Coding_transcript",TRUE,1.35931846376531,161.568157094786,"down"
"298","WBGene00010606","cyp-13B2","K06G5.2","Coding_transcript",FALSE,NA,NA,"up"
"299","WBGene00010621","","K07A12.2","Coding_transcript",TRUE,1.63597186509043,235.103857343949,"up"
"300","WBGene00010652","","K08C9.5","Coding_transcript",TRUE,1.5558475571906,220.595995417147,"up"
"301","WBGene00010705","cyp-14A1","K09A11.2","Coding_transcript",TRUE,1.00087469496114,152.985469251047,"up"
"302","WBGene00010714","","K09B11.10","Coding_transcript",TRUE,3.56415824309695,316.76324491011,"down"
"303","WBGene00010717","","K09C8.7","Coding_transcript",TRUE,2.58962249479869,37.7056986791469,"down"
"304","WBGene00010755","vglu-2","K10G9.1","Coding_transcript",TRUE,1.09869756468761,358.429035864311,"down"
"305","WBGene00010759","","K10H10.2","Coding_transcript",TRUE,1.43020937240511,197.484001075421,"up"
"306","WBGene00010760","","K10H10.4","Coding_transcript",TRUE,3.79244348338023,76.773048204131,"down"
"307","WBGene00010761","","K10H10.5","Coding_transcript",TRUE,1.56748388238781,104.55132222202,"down"
"308","WBGene00010790","sodh-1","K12G11.3","Coding_transcript",TRUE,1.26389179998244,197.671390404954,"up"
"309","WBGene00010801","","M01B2.8","Coding_transcript",TRUE,1.60750180957402,348.155386502589,"down"
"310","WBGene00010834","","M03B6.2","Coding_transcript",TRUE,0.638160172553176,176.021653896147,"up"
"311","WBGene00010867","tag-260","M04G12.1","Coding_transcript",TRUE,0.863556013272291,97.6689146269385,"down"
"312","WBGene00010945","","M176.8","Coding_transcript",FALSE,NA,NA,"down"
"313","WBGene00011042","","R05H10.1","Coding_transcript",TRUE,2.47533401086553,142.355949838085,"up"
"314","WBGene00011056","","R06B9.5","Coding_transcript",FALSE,NA,NA,"up"
"315","WBGene00011095","gana-1","R07B7.11","Coding_transcript",TRUE,0.949154886173876,146.002267022929,"up"
"316","WBGene00011097","nhr-206","R07B7.13","Coding_transcript",FALSE,NA,NA,"up"
"317","WBGene00011185","","R10D12.1","Coding_transcript",TRUE,1.92499150738987,22.7349537860397,"down"
"318","WBGene00011199","tag-310","R10E4.2","Coding_transcript",FALSE,NA,NA,"up"
"319","WBGene00011227","","R11.2","Coding_transcript",TRUE,1.78661162430651,49.8046345688723,"down"
"320","WBGene00011235","","R11A5.7","Coding_transcript",TRUE,3.07794746310578,358.400116845781,"down"
"321","WBGene00011278","","R74.2","Coding_transcript",TRUE,3.98078578403838,342.840329592627,"down"
"322","WBGene00011362","","T02B5.1","Coding_transcript",TRUE,0.935448457178052,357.007964718674,"down"
"323","WBGene00011364","","T02B5.3","Coding_transcript",TRUE,1.26720112489941,328.703609109169,"up"
"324","WBGene00011393","","T03D8.6","Coding_transcript",TRUE,1.44737955874353,291.265625395235,"down"
"325","WBGene00011401","","T03F6.6","Coding_transcript",TRUE,0.503447513563667,36.8705227256327,"down"
"326","WBGene00011446","","T04F8.8","Coding_transcript",TRUE,2.72833428281175,137.287852293719,"down"
"327","WBGene00011530","","T06D8.10","Coding_transcript",TRUE,3.61406518405205,335.696888897692,"down"
"328","WBGene00011561","ttr-15","T07C4.5","Coding_transcript",TRUE,2.93275504513631,126.512967438903,"down"
"329","WBGene00011583","","T07D10.3","Coding_transcript",TRUE,0.671413101061297,264.536031785542,"up"
"330","WBGene00011642","","T09B9.1","Coding_transcript",TRUE,2.28790382484434,72.6308241935944,"down"
"331","WBGene00011673","cyp-13A6","T10B9.3","Coding_transcript",TRUE,0.541792646455733,128.255393538748,"up"
"332","WBGene00011674","cyp-13A8","T10B9.4","Coding_transcript",FALSE,NA,NA,"up"
"333","WBGene00011676","cyp-13A2","T10B9.7","Coding_transcript",TRUE,1.73551493481487,177.533561771294,"up"
"334","WBGene00011698","cyp-34A1","T10H4.10","Coding_transcript",TRUE,2.0898373974165,82.2392923577689,"down"
"335","WBGene00011713","","T11F9.12","Coding_transcript",FALSE,NA,NA,"up"
"336","WBGene00011718","","T11G6.3","Coding_transcript",FALSE,NA,NA,"down"
"337","WBGene00011833","","T19B10.5","Coding_transcript",TRUE,1.52943916264905,294.636361845235,"down"
"338","WBGene00011836","","T19B10.9","Coding_transcript",TRUE,1.33993875559236,289.948846712234,"up"
"339","WBGene00011895","","T21C9.9","Coding_transcript",TRUE,3.3339518668438,53.4180842722847,"down"
"340","WBGene00012046","","T26E4.4","Coding_transcript",TRUE,2.16131487671158,221.919405813979,"up"
"341","WBGene00012085","","T27D12.1","Coding_transcript",TRUE,1.45598445264292,144.366057926978,"up"
"342","WBGene00012117","","T28B11.1","Coding_transcript",FALSE,NA,NA,"up"
"343","WBGene00012144","","T28H10.3","Coding_transcript",TRUE,1.54010834862074,32.1374843714041,"up"
"344","WBGene00012168","","W01A8.6","Coding_transcript",TRUE,2.95886538957389,33.1673483216354,"down"
"345","WBGene00012186","mlt-11","W01F3.3","Coding_transcript",TRUE,3.59965324667779,231.591545187519,"up"
"346","WBGene00012222","","W03C9.6","Coding_transcript",TRUE,1.20065686533625,293.170846467795,"down"
"347","WBGene00012239","","W04A8.4","Coding_transcript",FALSE,NA,NA,"up"
"348","WBGene00012293","","W06A7.4","Coding_transcript",TRUE,0.544847001762266,76.6230102180307,"down"
"349","WBGene00012364","","W09D12.1","Coding_transcript",TRUE,1.29781711802577,174.364949174705,"up"
"350","WBGene00012429","","Y11D7A.5","Coding_transcript",TRUE,3.04603282333,291.546683640896,"down"
"351","WBGene00012535","","Y37A1A.2","Coding_transcript",TRUE,1.37377310733085,50.5046537553585,"down"
"352","WBGene00012540","","Y37A1B.7","Coding_transcript",TRUE,3.45909085988422,260.583052363965,"up"
"353","WBGene00012545","","Y37D8A.3","Coding_transcript",TRUE,2.69242211747589,202.709671591893,"up"
"354","WBGene00012595","","Y38E10A.17","Coding_transcript",TRUE,0.568800124843073,104.366413909779,"up"
"355","WBGene00012597","nhr-235","Y38E10A.19","Coding_transcript",TRUE,1.22282588147484,112.482413651918,"down"
"356","WBGene00012603","nspe-6","Y38E10A.25","Coding_transcript",FALSE,NA,NA,"up"
"357","WBGene00012607","","Y38F1A.4","Coding_transcript",FALSE,NA,NA,"down"
"358","WBGene00012635","","Y38H8A.1","Coding_transcript",TRUE,3.20275058254212,236.880956740825,"up"
"359","WBGene00012646","","Y39A1A.7","Coding_transcript",TRUE,0.692158352698407,9.11619502876156,"down"
"360","WBGene00012648","","Y39A1A.9","Coding_transcript",TRUE,1.5566817041786,176.201267265657,"up"
"361","WBGene00012777","lact-8","Y42A5A.2","Coding_transcript",TRUE,2.51290809582927,356.920653146848,"down"
"362","WBGene00012791","","Y43D4A.5","Coding_transcript",TRUE,1.56128253352654,257.600358870211,"up"
"363","WBGene00012939","","Y47D3B.1","Coding_transcript",TRUE,1.71047376926034,263.179281661228,"up"
"364","WBGene00012941","","Y47D3B.4","Coding_transcript",TRUE,1.63388411336311,188.587106194621,"up"
"365","WBGene00013037","","Y49E10.18","Coding_transcript",TRUE,0.829884976860796,212.343840319569,"down"
"366","WBGene00013083","","Y51A2D.18","Coding_transcript",TRUE,0.588392426560054,180.851415660018,"down"
"367","WBGene00013127","","Y52B11A.8","Coding_transcript",TRUE,1.85147048415091,124.478348584747,"down"
"368","WBGene00013130","","Y52B11B.1","Coding_transcript",TRUE,2.91662597302509,331.00099408364,"down"
"369","WBGene00013146","","Y53C12B.7","Coding_transcript",TRUE,1.58049595030088,148.367584895097,"up"
"370","WBGene00013352","lon-8","Y59A8B.20","Coding_transcript",TRUE,1.93684755125698,326.66962085333,"down"
"371","WBGene00013385","","Y62E10A.19","Coding_transcript",TRUE,2.50179560103831,337.562746085015,"down"
"372","WBGene00013439","","Y66D12A.13","Coding_transcript",TRUE,1.0340457264955,334.728693769517,"up"
"373","WBGene00013450","oac-56","Y67A10A.1","Coding_transcript",FALSE,NA,NA,"down"
"374","WBGene00013457","paqr-3","Y67A10A.8","Coding_transcript",TRUE,2.52803726690291,295.926741718467,"down"
"375","WBGene00013481","","Y69H2.3","c(""Coding_transcript"", ""Non_coding_transcript"")",TRUE,1.29694206439661,108.873884038918,"down"
"376","WBGene00013496","","Y70D2A.1","Coding_transcript",TRUE,2.00657859631519,38.0352139100546,"down"
"377","WBGene00013540","","Y75B8A.3","Coding_transcript",TRUE,2.41580403005441,104.582758317848,"down"
"378","WBGene00013573","","Y75B12B.11","Coding_transcript",TRUE,1.28871038654387,341.600845190123,"down"
"379","WBGene00013647","","Y105C5B.5","Coding_transcript",TRUE,0.506665159219549,119.438302197698,"down"
"380","WBGene00013673","","Y105E8A.13","Coding_transcript",TRUE,2.55918254459162,239.847964498753,"up"
"381","WBGene00013737","tpst-1","Y111B2A.15","Coding_transcript",TRUE,0.782965756616277,284.485876711812,"down"
"382","WBGene00013753","","Y113G7A.16","Coding_transcript",TRUE,0.581977172197873,87.3554383055821,"down"
"383","WBGene00013835","mlt-4","ZC15.7","Coding_transcript",TRUE,1.45888483491953,246.648879172272,"down"
"384","WBGene00013891","","ZC434.3","Coding_transcript",TRUE,3.60960109550178,287.776329587043,"down"
"385","WBGene00013896","","ZC443.1","Coding_transcript",TRUE,0.880715248730408,95.4961372124004,"down"
"386","WBGene00013898","","ZC443.3","Coding_transcript",FALSE,NA,NA,"up"
"387","WBGene00013923","ghi-1","ZK20.1","Coding_transcript",TRUE,0.60854757947717,57.7097345234077,"down"
"388","WBGene00014009","lips-6","ZK617.2","Coding_transcript",TRUE,3.99231741400898,0.604573255199112,"down"
"389","WBGene00014092","","ZK822.5","Coding_transcript",TRUE,0.91020947209208,123.957596556239,"up"
"390","WBGene00014148","","ZK909.3","Coding_transcript",TRUE,1.53226013728808,32.5537027208275,"down"
"391","WBGene00014164","lact-2","ZK945.1","Coding_transcript",TRUE,0.983587098736365,32.2557186604559,"down"
"392","WBGene00014184","","ZK1025.4","Coding_transcript",TRUE,2.26664432194502,283.750510251988,"up"
"393","WBGene00014254","cyp-13A10","ZK1320.4","Coding_transcript",TRUE,2.06201785587454,200.25964169602,"up"
"394","WBGene00014697","cyp-25A3","C36A4.3","Coding_transcript",TRUE,0.827462822185532,192.429639638472,"up"
"395","WBGene00015044","cyp-34A9","B0213.15","Coding_transcript",TRUE,0.897430677165077,306.375219179194,"up"
"396","WBGene00015057","","B0222.9","Coding_transcript",FALSE,NA,NA,"up"
"397","WBGene00015169","","B0403.5","Coding_transcript",TRUE,3.16885927419105,30.3493996365465,"down"
"398","WBGene00015196","","B0454.5","Coding_transcript",TRUE,2.63090673110782,173.660550233026,"up"
"399","WBGene00015268","","BE0003N10.3","Coding_transcript",TRUE,2.10505451778606,205.522906647343,"up"
"400","WBGene00015278","","C01B10.3","Coding_transcript",FALSE,NA,NA,"up"
"401","WBGene00015298","","C01F1.3","Coding_transcript",TRUE,2.34302195272944,223.761334027677,"up"
"402","WBGene00015300","","C01F1.5","Coding_transcript",TRUE,3.32944676898525,261.29944454399,"up"
"403","WBGene00015400","cyp-35A2","C03G6.15","Coding_transcript",TRUE,1.4524640181146,297.37914829526,"up"
"404","WBGene00015474","","C05D9.7","Coding_transcript",FALSE,NA,NA,"up"
"405","WBGene00015519","","C06E1.3","Coding_transcript",TRUE,1.59561019930286,66.696660260071,"down"
"406","WBGene00015523","ztf-30","C06E1.8","Coding_transcript",TRUE,2.21912189914708,196.924719071792,"up"
"407","WBGene00015540","sams-4","C06E7.3","Coding_transcript",TRUE,0.50576658549965,329.006948765749,"down"
"408","WBGene00015541","","C06E7.4","Coding_transcript",TRUE,2.04169280646417,327.87476379154,"down"
"409","WBGene00015544","","C06E8.5","Coding_transcript",TRUE,3.57486160946893,68.3734879102893,"down"
"410","WBGene00015645","lips-7","C09E8.2","Coding_transcript",TRUE,2.76062401400181,338.357275306865,"down"
"411","WBGene00015646","mlt-10","C09E8.3","Coding_transcript",TRUE,3.54511561515355,301.661106440027,"down"
"412","WBGene00015647","","C09F5.1","Coding_transcript",FALSE,NA,NA,"up"
"413","WBGene00015660","catp-3","C09H5.2","Coding_transcript",TRUE,2.49159711162953,72.1034911043486,"down"
"414","WBGene00015693","ugt-28","C10H11.4","Coding_transcript",TRUE,0.69336252579644,74.2146543201174,"up"
"415","WBGene00015795","","C15F1.2","Coding_transcript",TRUE,3.0220093899987,225.147080590162,"up"
"416","WBGene00015841","","C16C8.2","Coding_transcript",TRUE,2.94945422528182,329.649680648564,"down"
"417","WBGene00015894","acdh-2","C17C3.12","Coding_transcript",TRUE,2.13167817494487,131.116710081188,"down"
"418","WBGene00016046","","C24B5.4","Coding_transcript",TRUE,0.759674731139559,271.035576812004,"up"
"419","WBGene00016094","","C25E10.4","Coding_transcript",TRUE,1.15218613574263,220.119584844679,"up"
"420","WBGene00016133","","C26B9.3","Coding_transcript",TRUE,2.53159180516476,290.133356526319,"up"
"421","WBGene00016136","","C26B9.7","Coding_transcript",TRUE,2.24477046987196,270.095748480753,"down"
"422","WBGene00016164","","C27D9.2","Coding_transcript",TRUE,2.762024928196,14.7465900034621,"up"
"423","WBGene00016217","","C29F9.2","Coding_transcript",TRUE,1.66264349647055,334.441098472875,"up"
"424","WBGene00016319","","C32D5.12","Coding_transcript",TRUE,2.15223405660196,247.812440235661,"up"
"425","WBGene00016329","osr-1","C32E12.3","Coding_transcript",TRUE,3.08057954312809,269.259558336864,"down"
"426","WBGene00016364","nhr-161","C33G8.7","Coding_transcript",TRUE,0.61109234310981,163.30870461902,"up"
"427","WBGene00016422","noah-1","C34G6.6","Coding_transcript",TRUE,3.42111421380138,226.719653258118,"up"
"428","WBGene00016468","","C36B7.5","Coding_transcript",TRUE,2.58683867032254,25.3034035978617,"down"
"429","WBGene00016505","ttr-33","C37C3.13","Coding_transcript",TRUE,1.9067536919467,81.0565736783985,"down"
"430","WBGene00016535","","C39D10.8","Coding_transcript",TRUE,1.60197982749411,125.22198783517,"up"
"431","WBGene00016641","","C44C1.1","Coding_transcript",TRUE,0.764450367236534,205.689655996719,"up"
"432","WBGene00016659","","C45B2.2","Coding_transcript",TRUE,2.27111910485027,146.065994397948,"down"
"433","WBGene00016664","","C45E5.1","Coding_transcript",TRUE,0.79768590136598,217.749336892508,"up"
"434","WBGene00016763","","C49A9.9","Coding_transcript",TRUE,0.623977424092489,116.358074948598,"down"
"435","WBGene00016805","","C50D2.1","Coding_transcript",TRUE,3.1741783477412,309.621310916192,"down"
"436","WBGene00016875","","C52D10.1","Coding_transcript",TRUE,1.52529165149426,248.508933947476,"up"
"437","WBGene00016877","","C52D10.3","Coding_transcript",TRUE,1.46094938827479,249.199920257226,"up"
"438","WBGene00016883","","C52E2.4","Coding_transcript",TRUE,1.04733917501594,17.6754329482459,"up"
"439","WBGene00016920","","C54E4.5","Coding_transcript",FALSE,NA,NA,"up"
"440","WBGene00016927","nhr-172","C54F6.9","Coding_transcript",TRUE,1.23811957659663,177.224841632922,"up"
"441","WBGene00016962","","C56C10.4","Coding_transcript",TRUE,2.99985170513143,0.688730427201443,"down"
"442","WBGene00017018","","D1014.5","Coding_transcript",TRUE,3.03730690439861,290.596997311855,"up"
"443","WBGene00017082","","DC2.5","Coding_transcript",TRUE,1.3775689018791,144.012706842155,"up"
"444","WBGene00017126","","E04F6.6","Coding_transcript",TRUE,2.63806737036037,130.713689445657,"down"
"445","WBGene00017127","","E04F6.8","Coding_transcript",TRUE,1.00159257065226,155.67906490635,"up"
"446","WBGene00017128","","E04F6.9","Coding_transcript",TRUE,0.768893826623733,210.676852747655,"up"
"447","WBGene00017218","dct-5","F07F6.5","Coding_transcript",TRUE,3.54007612123868,61.6244506241953,"down"
"448","WBGene00017312","","F09G2.3","Coding_transcript",FALSE,NA,NA,"up"
"449","WBGene00017315","ugt-36","F09G2.6","Coding_transcript",FALSE,NA,NA,"up"
"450","WBGene00017332","ugt-37","F10D2.6","Coding_transcript",TRUE,0.59184043298258,144.98232906943,"up"
"451","WBGene00017335","","F10D2.10","Coding_transcript",TRUE,0.987661884730451,238.975036146685,"up"
"452","WBGene00017336","ugt-41","F10D2.11","Coding_transcript",FALSE,NA,NA,"up"
"453","WBGene00017429","","F13D11.4","Coding_transcript",TRUE,1.52930217503872,259.862682016073,"up"
"454","WBGene00017430","","F13H6.1","Coding_transcript",TRUE,2.50103686572311,38.0010399058556,"down"
"455","WBGene00017483","lgc-22","F15E6.2","Coding_transcript",TRUE,3.6770821761862,308.04157781378,"down"
"456","WBGene00017485","","F15E6.4","Coding_transcript",TRUE,1.60479000881238,315.188963733956,"up"
"457","WBGene00017498","","F15E11.12","Coding_transcript",FALSE,NA,NA,"down"
"458","WBGene00017524","","F16G10.9","Coding_transcript",TRUE,2.29886527247444,344.109369381454,"down"
"459","WBGene00017530","","F16H11.1","Coding_transcript",TRUE,1.19876521516078,282.375468490933,"down"
"460","WBGene00017563","","F18C5.10","Coding_transcript",TRUE,1.07307463146704,201.307841827541,"up"
"461","WBGene00017621","","F20A1.10","Coding_transcript",FALSE,NA,NA,"down"
"462","WBGene00017719","","F22F7.1","Coding_transcript",FALSE,NA,NA,"down"
"463","WBGene00017745","","F23F1.4","Coding_transcript",TRUE,0.654188852758576,328.987615346448,"down"
"464","WBGene00017747","","F23F1.6","Coding_transcript",TRUE,1.12634279170982,97.4625902279684,"down"
"465","WBGene00017807","","F26A1.9","Coding_transcript",TRUE,2.36194110633973,329.854942338895,"down"
"466","WBGene00017814","","F26A10.2","Coding_transcript",TRUE,1.90784931061327,314.079597361305,"up"
"467","WBGene00017923","","F29B9.8","Coding_transcript",TRUE,1.0759632159447,11.3075308131364,"down"
"468","WBGene00017962","fbxa-72","F31F4.15","Coding_transcript",FALSE,NA,NA,"up"
"469","WBGene00017991","clec-180","F32E10.3","Coding_transcript",TRUE,3.48030200387619,254.923806990217,"up"
"470","WBGene00017998","","F33D4.6","Coding_transcript",TRUE,3.9509490860011,292.917809552174,"down"
"471","WBGene00018031","","F35B3.4","Coding_transcript",TRUE,3.78169509568001,53.1730380479205,"down"
"472","WBGene00018039","","F35D2.1","Coding_transcript",TRUE,2.33262773694794,280.481062526863,"down"
"473","WBGene00018040","","F35D2.2","Coding_transcript",TRUE,2.37361641028396,280.607243216835,"down"
"474","WBGene00018051","dyf-14","F35D11.11","Coding_transcript",TRUE,0.628589539726805,335.596013026817,"down"
"475","WBGene00018060","arrd-18","F35F10.11","Coding_transcript",FALSE,NA,NA,"up"
"476","WBGene00018113","","F36H9.5","Coding_transcript",TRUE,2.14489652691788,331.708960084703,"down"
"477","WBGene00018217","","F40A3.2","Coding_transcript",TRUE,1.85866985358606,199.462456675662,"up"
"478","WBGene00018260","cyp-33C7","F41B5.2","Coding_transcript",FALSE,NA,NA,"up"
"479","WBGene00018267","","F41C3.1","Coding_transcript",TRUE,0.715041613349716,64.3157999082687,"down"
"480","WBGene00018275","","F41C3.11","Coding_transcript",TRUE,1.39563442251831,217.799168917131,"up"
"481","WBGene00018380","","F43C11.3","Coding_transcript",TRUE,0.793850930493799,113.134250287781,"down"
"482","WBGene00018384","","F43C11.7","Coding_transcript",TRUE,0.587427040636404,241.549534469527,"up"
"483","WBGene00018398","sptl-2","F43H9.2","Coding_transcript",FALSE,NA,NA,"down"
"484","WBGene00018403","","F44A2.3","Coding_transcript",TRUE,1.68370638444034,138.086035980931,"up"
"485","WBGene00018473","","F45E4.11","Coding_transcript",TRUE,0.60146874994297,133.480572305139,"up"
"486","WBGene00018487","","F46C8.8","Coding_transcript",TRUE,3.33847390333864,342.475919334384,"down"
"487","WBGene00018510","","F46F11.7","Coding_transcript",TRUE,1.68578747021227,276.425044138565,"up"
"488","WBGene00018573","oac-30","F47F6.3","Coding_transcript",TRUE,2.93915558092949,329.943663666781,"down"
"489","WBGene00018575","clec-119","F47F6.5","Coding_transcript",TRUE,0.886239647042234,333.983503181492,"down"
"490","WBGene00018619","","F48G7.8","Coding_transcript",TRUE,2.31225905407306,60.8750521500506,"down"
"491","WBGene00018656","","F49H12.5","Coding_transcript",TRUE,1.72671356995957,248.120276937013,"up"
"492","WBGene00018694","","F52E1.5","Coding_transcript",TRUE,2.50295922765478,300.641034003502,"down"
"493","WBGene00018706","","F52F10.2","Coding_transcript",TRUE,1.91425768390482,310.347105795355,"down"
"494","WBGene00018737","","F53B1.4","Coding_transcript",TRUE,3.66097548581957,309.492318306425,"down"
"495","WBGene00018742","","F53B3.3","Coding_transcript",TRUE,2.27333031238527,19.0467297893621,"up"
"496","WBGene00018829","","F54E7.6","Coding_transcript",TRUE,2.44142575075258,348.304348131801,"down"
"497","WBGene00018903","","F55G1.7","Coding_transcript",TRUE,0.510331285602388,311.964022292077,"up"
"498","WBGene00018931","ugt-52","F56B3.7","Coding_transcript",TRUE,0.840441474599085,333.292347568752,"up"
"499","WBGene00018958","","F56C11.6","Coding_transcript",TRUE,0.767737845936612,309.897167967839,"down"
"500","WBGene00018969","","F56D3.1","Coding_transcript",TRUE,2.59209137827259,291.22741088989,"down"
"501","WBGene00019021","","F57H12.6","Coding_transcript",TRUE,2.23498327150657,220.916869303832,"up"
"502","WBGene00019109","","F59E11.2","Coding_transcript",FALSE,NA,NA,"down"
"503","WBGene00019111","","F59E11.5","Coding_transcript",TRUE,1.82790627681015,155.182647216819,"up"
"504","WBGene00019113","","F59E11.7","Coding_transcript",TRUE,1.77429543774078,103.746282112759,"down"
"505","WBGene00019152","nspb-6","H04M03.2","Coding_transcript",TRUE,3.50191298061427,90.7300775291145,"down"
"506","WBGene00019154","glf-1","H04M03.4","Coding_transcript",TRUE,3.30377771361539,277.563268837208,"up"
"507","WBGene00019173","","H08J11.2","Coding_transcript",FALSE,NA,NA,"up"
"508","WBGene00019212","","H19M22.3","Coding_transcript",TRUE,2.14098044185603,208.54104508845,"up"
"509","WBGene00019232","ugt-13","H23N18.1","Coding_transcript",TRUE,1.9515501517877,144.698403148785,"up"
"510","WBGene00019236","","H23N18.5","Coding_transcript",TRUE,3.74533201232837,331.453098950962,"down"
"511","WBGene00019268","","H41C03.1","Coding_transcript",TRUE,2.60439408550745,192.054753483684,"up"
"512","WBGene00019280","","K01A2.5","Coding_transcript",TRUE,1.00298456852121,310.039050705507,"up"
"513","WBGene00019285","cbn-1","K01A2.11","Coding_transcript",TRUE,2.08775186433484,257.665532955036,"up"
"514","WBGene00019306","","K02E7.1","Coding_transcript",TRUE,2.53159290569804,303.922742733741,"down"
"515","WBGene00019318","","K02E10.4","Coding_transcript",TRUE,2.87511320229793,256.401561014816,"up"
"516","WBGene00019480","","K07C11.8","Coding_transcript",FALSE,NA,NA,"up"
"517","WBGene00019486","","K07D4.6","Coding_transcript",TRUE,1.48907376055139,254.854884897377,"up"
"518","WBGene00019508","","K07H8.8","Coding_transcript",TRUE,1.41650361226104,281.506200079489,"down"
"519","WBGene00019515","ugt-19","K08B4.3","Coding_transcript",TRUE,0.776052775040188,87.2606735222732,"up"
"520","WBGene00019520","","K08B12.1","Coding_transcript",TRUE,3.61387591729626,250.984221545249,"up"
"521","WBGene00019564","","K09D9.1","Coding_transcript",TRUE,1.89961680083251,81.9484411200969,"up"
"522","WBGene00019717","trx-3","M01H9.1","Coding_transcript",TRUE,1.72443000779573,13.4631313687305,"down"
"523","WBGene00019738","clec-265","M02F4.7","Coding_transcript",TRUE,1.37293765005399,116.123278623137,"down"
"524","WBGene00019761","","M03F8.1","Coding_transcript",TRUE,3.09720825304486,336.799909639156,"down"
"525","WBGene00019770","","M04F3.4","Coding_transcript",FALSE,NA,NA,"up"
"526","WBGene00019882","","R05D3.9","Coding_transcript",TRUE,1.17889073052901,194.314538073208,"up"
"527","WBGene00019908","","R05H11.2","Coding_transcript",TRUE,1.65232238910019,108.644789060835,"up"
"528","WBGene00019948","","R08C7.4","Coding_transcript",TRUE,1.80090434032762,305.346867341075,"up"
"529","WBGene00019979","","R09B5.11","Coding_transcript",TRUE,1.39024394618734,316.150869719957,"down"
"530","WBGene00020049","ttr-8","R13A5.6","Coding_transcript",TRUE,3.02718298337337,117.335342099204,"down"
"531","WBGene00020086","","R106.2","Coding_transcript",FALSE,NA,NA,"up"
"532","WBGene00020104","","R148.5","Coding_transcript",TRUE,1.63531867075815,213.485078486902,"up"
"533","WBGene00020105","","R148.7","Coding_transcript",TRUE,2.5635460975079,239.67798325794,"up"
"534","WBGene00020148","","T01D1.3","Coding_transcript",TRUE,1.93160762398343,2.97978074906405,"down"
"535","WBGene00020194","","T03G6.1","Coding_transcript",TRUE,3.26496046551554,258.414070669622,"up"
"536","WBGene00020208","","T04C4.1","Coding_transcript",FALSE,NA,NA,"up"
"537","WBGene00020215","","T04G9.4","Coding_transcript",TRUE,0.952283704955765,231.277802741378,"up"
"538","WBGene00020335","ttr-30","T08A9.2","Coding_transcript",TRUE,2.37325166271286,125.58830835228,"down"
"539","WBGene00020367","","T08H4.2","Coding_transcript",FALSE,NA,NA,"down"
"540","WBGene00020386","cyp-34A4","T09H2.1","Coding_transcript",TRUE,1.8172850739689,337.249545897124,"up"
"541","WBGene00020394","","T10B5.8","Coding_transcript",TRUE,0.851211232549653,135.337866096288,"up"
"542","WBGene00020396","","T10B5.10","Coding_transcript",TRUE,1.78290144902977,269.57900807062,"down"
"543","WBGene00020497","","T14A8.2","Coding_transcript",TRUE,1.58967539490745,82.412657953678,"down"
"544","WBGene00020501","","T14B4.5","Coding_transcript",TRUE,2.17532449727361,185.37437375698,"up"
"545","WBGene00020515","","T14G12.6","Coding_transcript",TRUE,1.61588135280445,330.910880820476,"down"
"546","WBGene00020556","","T19B4.1","Coding_transcript",TRUE,0.786529178317188,220.297417527027,"up"
"547","WBGene00020559","","T19C3.1","Coding_transcript",TRUE,1.08605539931005,122.562848550132,"down"
"548","WBGene00020560","","T19C3.2","Coding_transcript",TRUE,3.35839360786917,319.858767802569,"down"
"549","WBGene00020561","","T19C3.3","Coding_transcript",TRUE,1.80324812874739,249.893809867047,"up"
"550","WBGene00020569","lgc-32","T19D7.1","Coding_transcript",TRUE,0.854661368712434,148.658745071403,"down"
"551","WBGene00020571","lpr-7","T19D7.3","Coding_transcript",TRUE,3.04437474100149,329.775956610254,"down"
"552","WBGene00020584","","T19D12.10","Coding_transcript",FALSE,NA,NA,"down"
"553","WBGene00020587","ugt-9","T19H12.1","Coding_transcript",FALSE,NA,NA,"up"
"554","WBGene00020592","ugt-12","T19H12.9","Coding_transcript",TRUE,0.546242016870992,173.222240582595,"up"
"555","WBGene00020611","","T20D4.5","Coding_transcript",TRUE,1.49934992205163,150.365312776707,"down"
"556","WBGene00020613","","T20D4.7","Coding_transcript",TRUE,1.86555765151302,97.1150378419484,"down"
"557","WBGene00020650","","T21D12.11","Coding_transcript",FALSE,NA,NA,"up"
"558","WBGene00020670","","T22B2.6","Coding_transcript",TRUE,3.59694238917455,18.0918540988024,"down"
"559","WBGene00020801","","T25D10.4","Coding_transcript",TRUE,1.55011727781151,16.0526622358862,"down"
"560","WBGene00020833","","T26C12.3","Coding_transcript",FALSE,NA,NA,"up"
"561","WBGene00020846","","T27A10.6","Coding_transcript",TRUE,2.91640709517882,248.741341703722,"up"
"562","WBGene00020848","ztf-19","T27B1.2","Coding_transcript",TRUE,0.747473613060429,350.595700023825,"down"
"563","WBGene00020947","","W02F12.2","Coding_transcript",TRUE,1.81663641012194,1.51716765793171,"down"
"564","WBGene00020952","kel-8","W02G9.2","Coding_transcript",FALSE,NA,NA,"down"
"565","WBGene00020989","","W03D8.8","Coding_transcript",TRUE,1.24619272358286,249.281753176,"up"
"566","WBGene00021017","","W03G9.7","Coding_transcript",FALSE,NA,NA,"down"
"567","WBGene00021066","","W06H8.2","Coding_transcript",TRUE,0.796125030909716,185.193678776811,"up"
"568","WBGene00021083","","W08E12.2","Coding_transcript",TRUE,3.20746846354567,44.9342969699956,"down"
"569","WBGene00021095","mlt-8","W08F4.6","Coding_transcript",TRUE,2.04837730618198,291.034426967797,"down"
"570","WBGene00021136","","W10G11.3","Coding_transcript",FALSE,NA,NA,"down"
"571","WBGene00021147","","W10G11.17","Coding_transcript",FALSE,NA,NA,"up"
"572","WBGene00021167","cyp-32B1","Y5H2B.5","Coding_transcript",FALSE,NA,NA,"up"
"573","WBGene00021249","","Y22D7AL.11","Coding_transcript",TRUE,1.03060187749695,242.762413152426,"up"
"574","WBGene00021309","","Y32G9B.1","Coding_transcript",TRUE,2.43168544608843,341.633086514709,"down"
"575","WBGene00021326","","Y34B4A.10","Coding_transcript",TRUE,2.81162103244499,317.216345626118,"down"
"576","WBGene00021379","","Y37E11B.7","Coding_transcript",TRUE,1.75265046230609,52.1905011685254,"down"
"577","WBGene00021400","","Y38C1AA.9","Coding_transcript",TRUE,2.18628573199307,117.916497351843,"down"
"578","WBGene00021412","cyp-29A3","Y38C9B.1","Coding_transcript",FALSE,NA,NA,"down"
"579","WBGene00021492","","Y40B10A.7","Coding_transcript",TRUE,0.559670805158201,168.87315536613,"up"
"580","WBGene00021529","","Y41G9A.5","Coding_transcript",TRUE,2.18328264034517,180.16729789739,"up"
"581","WBGene00021583","clec-72","Y46C8AL.5","Coding_transcript",FALSE,NA,NA,"down"
"582","WBGene00021690","","Y48G8AL.12","Coding_transcript",TRUE,3.71025617935322,358.094158156737,"down"
"583","WBGene00021709","ugt-29","Y49C4A.8","Coding_transcript",TRUE,1.78415797010219,112.326645232854,"down"
"584","WBGene00021850","","Y54F10AM.6","Coding_transcript",TRUE,2.00494887562179,242.526106264611,"up"
"585","WBGene00021883","","Y54G2A.18","Coding_transcript",TRUE,0.571587616079503,168.397141999101,"up"
"586","WBGene00021931","","Y55F3AM.14","Coding_transcript",TRUE,2.69963329327694,248.611143504126,"up"
"587","WBGene00021963","lipl-6","Y57E12B.3","Coding_transcript",TRUE,2.03429574839702,216.884388177118,"up"
"588","WBGene00021975","","Y58A7A.1","Coding_transcript",TRUE,1.94986425650428,3.21927095306702,"down"
"589","WBGene00021984","","Y59C2A.1","Coding_transcript",TRUE,0.993797290378713,67.0579048106463,"down"
"590","WBGene00022076","daao-1","Y69A2AR.5","Coding_transcript",FALSE,NA,NA,"down"
"591","WBGene00022103","cdh-12","Y71D11A.1","Coding_transcript",TRUE,3.14500456038148,248.845377476103,"up"
"592","WBGene00022130","","Y71F9B.9","Coding_transcript",TRUE,1.44170345153777,334.6554520547,"down"
"593","WBGene00022131","","Y71F9B.13","Coding_transcript",TRUE,1.46855185676626,116.837031007216,"down"
"594","WBGene00022146","","Y71G12B.6","Coding_transcript",TRUE,2.34972162184811,214.212481911109,"up"
"595","WBGene00022160","","Y71G12B.25","Coding_transcript",TRUE,2.70199949621453,295.982729472808,"down"
"596","WBGene00022231","tyr-6","Y73B6BL.1","Coding_transcript",TRUE,0.726073627947163,8.58140916858953,"down"
"597","WBGene00022245","acp-6","Y73B6BL.24","Coding_transcript",TRUE,2.34847803359008,178.270075713589,"up"
"598","WBGene00022383","","Y95B8A.2","Coding_transcript",TRUE,3.49312690397095,49.940020080381,"down"
"599","WBGene00022415","","Y102A11A.5","Coding_transcript",TRUE,3.64157306327485,256.897477765536,"up"
"600","WBGene00022504","","ZC13.3","Coding_transcript",TRUE,2.74124537701685,288.548729591802,"up"
"601","WBGene00022577","","ZC250.3","Coding_transcript",TRUE,2.84858566690648,276.219186754303,"up"
"602","WBGene00022591","cuti-1","ZC328.1","Coding_transcript",TRUE,2.86383542078372,243.399351280775,"up"
"603","WBGene00022612","","ZC449.2","Coding_transcript",TRUE,2.39407451059673,233.263965337646,"up"
"604","WBGene00022626","","ZC513.1","Coding_transcript",TRUE,2.37248902020567,348.697928212059,"down"
"605","WBGene00022644","dod-19","ZK6.10","Coding_transcript",TRUE,0.947065285696324,134.075414708519,"down"
"606","WBGene00022645","","ZK6.11","Coding_transcript",FALSE,NA,NA,"down"
"607","WBGene00022649","","ZK84.1","Coding_transcript",TRUE,2.36267289888165,16.0433351324476,"up"
"608","WBGene00022665","","ZK154.1","Coding_transcript",TRUE,2.25856072431513,341.302772933406,"down"
"609","WBGene00022743","mlt-7","ZK430.8","Coding_transcript",TRUE,2.20947705723022,76.4228328410363,"down"
"610","WBGene00022817","upp-1","ZK783.2","Coding_transcript",TRUE,2.18940712902835,124.819922596113,"up"
"611","WBGene00023484","","Y54G2A.37","Coding_transcript",TRUE,3.26134164355601,239.85958677113,"up"
"612","WBGene00023500","","C11H1.9","Coding_transcript",TRUE,0.863220741058838,234.042610379677,"down"
"613","WBGene00044011","","T06E4.12","Coding_transcript",TRUE,4.02261826285056,29.2579811904014,"down"
"614","WBGene00044019","","C55A6.12","Coding_transcript",TRUE,1.29049244006674,25.9365825904118,"down"
"615","WBGene00044071","tag-233","D2021.2","Coding_transcript",TRUE,1.19702069632576,21.611765905102,"down"
"616","WBGene00044296","","F10C1.9","Coding_transcript",TRUE,1.39792675095742,125.069142994114,"down"
"617","WBGene00044350","","Y73B6BL.44","Coding_transcript",TRUE,1.38502232742493,152.892322018974,"up"
"618","WBGene00044445","","C02F5.14","Coding_transcript",TRUE,2.86058540054088,265.665614160073,"up"
"619","WBGene00044479","","F15E6.10","Coding_transcript",FALSE,NA,NA,"down"
"620","WBGene00044618","bus-2","K08D12.5","Coding_transcript",TRUE,1.49038531290518,251.092726931102,"up"
"621","WBGene00044631","bus-18","F55A11.5","Coding_transcript",TRUE,2.10598339167916,226.948170051311,"up"
"622","WBGene00044646","","B0205.14","Coding_transcript",FALSE,NA,NA,"up"
"623","WBGene00044811","","F12E12.11","Coding_transcript",FALSE,NA,NA,"up"
"624","WBGene00044901","","Y41G9A.10","Coding_transcript",TRUE,0.811693972834095,163.579436264726,"up"
"625","WBGene00045096","","K01A6.7","Coding_transcript",TRUE,1.63714139330908,79.9291397676912,"down"
"626","WBGene00045146","","Y41E3.22","Coding_transcript",TRUE,2.28812397668087,18.7017269415198,"down"
"627","WBGene00045460","","C15C8.8","Coding_transcript",TRUE,1.21301632344684,68.4483998157013,"down"
"628","WBGene00050875","bah-1","ZK1025.7","Coding_transcript",TRUE,2.88541436825058,290.941062443518,"up"
"629","WBGene00138724","","F15B9.11","Coding_transcript",TRUE,1.90038708528785,73.8777895720366,"down"
"630","WBGene00175027","","W02F12.8","Coding_transcript",TRUE,3.09126334429817,339.026849512784,"down"
"631","WBGene00194658","","R09E10.13","Coding_transcript",TRUE,1.26666466637872,344.244964785814,"down"
"632","WBGene00194731","","Y39A1A.27","Coding_transcript",FALSE,NA,NA,"down"
"633","WBGene00194738","","Y46E12A.5","Coding_transcript",TRUE,0.581633868369224,76.5530487908295,"down"
